"","control1","control2","control3","control4","case1","case2","case3"
"ABI1",7.76673521827609,7.8407238995911,7.40314658793651,7.14460072634489,5.97571903992401,6.52945227501162,6.45225149549281
"PDCD6",5.80375333596108,5.80277187993909,6.17338576150982,6.43733280036824,6.49548951832261,7.07781279162212,8.07847919416169
"RANBP9",8.0769082705967,7.73424958603004,7.17848521467463,7.52479873715613,6.25124471476627,6.26022594754785,6.6438446136876
"LINC00963",7.55465027060535,7.21245887953295,7.32739305585138,7.36488534654796,5.86090694912568,6.11845007272731,5.79232315150028
"SMC4",9.52509460337484,9.95953844672687,9.84645284316361,9.600109301794,8.41074702808791,8.93064252650909,8.79360841167459
"ABCF2",5.48210345634604,5.1753314717319,5.51093680888411,5.44849047009617,6.38857648599971,6.43561791476027,6.59538351259896
"PPIF",9.67347632853891,9.60268707969762,10.0178306164468,10.194643686609,10.7090050777922,11.0890737903017,11.24442866006
"FEM1B",6.5615106440125,6.72318916483566,6.81140444191965,6.71395032447509,7.42252552869183,7.627857468603,8.25509251406014
"AKAP9",6.32086561249285,6.58232240480863,6.27865064199984,6.29408748221378,4.83605152572597,4.62684201368596,4.93950364071193
"MBNL2",8.06639825108318,8.68903263796113,8.45651646340934,8.27912297850598,5.61779483793166,6.17033994760434,6.03145379108497
"CTC-338M12.4",6.39486652143342,6.58141267529693,6.69560441573436,6.59209875764212,7.68169414275361,7.53230230829423,7.80404489832739
"TRIM13",6.96038123535827,6.66567774993831,6.77422934964824,6.53263948761135,7.71946372863368,7.55743707128133,8.11809604819307
"TRIB1",7.60566997248176,7.52830701000398,7.24564414744158,7.43729824038518,8.63462858557961,8.77704885362671,8.79391374044406
"CDK8",5.66417371177779,6.26584220756908,6.0899706391495,6.03539459559707,4.65821637154703,4.90071001827816,5.12830746799861
"GPHN",7.26898857643632,7.1559616127888,6.65036784210293,6.94244850317041,5.85472038361462,5.59416860761433,5.48063338461613
"POP7",9.32728332984547,9.52926147134315,9.48845868723652,9.66458933426756,10.5363181877578,10.5364161285363,10.5992700344332
"SPRY2",5.69063584945118,5.42942101411086,5.32311782824222,5.39808619951433,6.62572198277597,6.95440954006312,7.42185866957117
"STAG1",7.43809254443609,7.81526925289779,7.47601394519686,7.76614087194593,5.87708828203716,6.19171957865918,6.17505161524257
"SAP18",6.5823765639219,6.33865215069508,6.41493251889577,6.71710643590829,7.42767997083354,7.71214423898619,7.91837821199161
"MARCH6",8.63528948894611,9.67655234291829,9.28631774839536,8.78587478402911,7.23411328632994,8.45351717728967,7.30765652784251
"CITED2",7.59817004933408,7.31108547628548,6.96438748403126,6.4613594520952,8.13346953568692,8.3651171713243,8.72161703511031
"NDC80",7.589728914719,8.001577495714,7.93977296259454,7.93172492759054,5.53132081826256,6.05655893386182,6.0201817922182
"CD2BP2",7.72638909673895,7.74508412335791,8.20629425693087,7.78707649309542,9.12924695541896,9.0148882211893,9.52703151443769
"TUBGCP3",7.03613633433444,7.73621976141667,7.6012535859433,7.44012838381037,5.17352742755245,5.46999250238446,5.89166292079247
"SEC24B",7.5134277067568,7.98141275846509,7.82818900256188,7.37168014612065,6.039587311269,6.75535153894896,7.04812117812441
"EMG1",10.0882533933281,10.0666118015128,10.4064268086504,10.5310011371459,8.949717240918,9.38812817795319,9.31008056117064
"PIBF1",5.73343291288656,5.99514979074882,5.60670969762663,5.09151331110707,3.43878527953366,3.56380195171193,3.55570893974714
"ZBTB18",5.31130341545156,5.5781948512838,5.80204990450995,6.01313716754784,6.37267064471901,6.93478991048365,7.15634986223659
"NXF1",9.03041510966761,8.60706801738682,8.95750029740863,9.23966414612725,9.91104106491805,10.3862954445558,10.347572815285
"SYNCRIP",7.80906573691864,8.27898725970921,8.22439577731708,8.243844428255,6.74314519823603,7.19276171005332,7.0404915925621
"NCOA2",5.49655336189912,6.02570046674856,5.56976547113793,5.40163046489633,3.85452912309737,3.74420688128543,3.44820729946619
"DDX17",8.99430999931097,8.50839628154691,8.78208738828589,8.83476272765729,7.29528946326613,7.8537461919393,7.21772996433321
"IPO7",7.82242106624649,8.44420361241466,8.31205445478578,8.26017159702315,6.29326421070304,6.99715230134489,7.10367824270344
"ARFGEF2",7.63643027533513,7.7518027168673,7.37473439501493,7.5620554073008,6.15337590319805,6.74408885349416,6.74927152992188
"ARFGEF1",7.36959173512472,7.49318126442112,7.3131365748243,7.60630943573234,5.94622250479736,6.04279676011845,6.06750422051888
"PAIP1",8.44100678892528,8.97949296552866,8.72804100133248,8.60432858245892,6.87152832176403,7.73459199658836,7.77669279748298
"PDLIM5",9.48491048001373,9.95348412096156,10.2046364895665,9.635151582827,8.43314250408984,8.9452064600564,8.56815184843719
"HEXIM1",7.03675359231912,7.09767176389574,6.8143595484861,7.26346031176223,9.29365573392385,9.52007436077449,9.70052901934708
"CENPE",7.8870829806912,7.78281616284394,7.60612546188546,7.81090255849048,6.35373512922769,6.60179283395838,6.18623459512468
"TRIM16",10.9328277638893,11.2281882762624,11.4686411637582,10.8825213860728,9.82481342076377,9.94576715057448,9.76310046689547
"CENPF",9.59620929779801,9.46107376009446,9.80869360300957,9.73143068650669,8.06484058513302,8.51417615242174,8.37690971858141
"RAD51AP1",7.34651445664727,8.24102944127993,8.06306371221763,7.60181420326566,6.25158831914375,6.6389817655344,6.40629539386482
"IGF2BP3",8.37116590225795,8.775097826791,8.73893383187419,7.89736688693077,5.26641798751221,5.9438589799864,6.32543137601099
"MTX2",7.99858736876536,8.09536726448311,7.64533683836202,7.99005833353984,6.68522851812481,6.87659936544331,7.02821404212284
"STAG2",9.08675565234334,9.65178477495908,9.35714839056133,9.15480383036093,7.07190408068917,7.55421446085801,7.39164359381936
"SIX2",8.56023106187919,8.42950364120017,8.88162114688114,8.83705073807702,9.52924744314722,9.6082110838329,9.98993105141217
"TOB2",6.52830747020693,6.95034328657216,7.1840268887301,6.52365856201963,7.60538481005826,8.05941814501422,8.34753302076372
"PLK2",7.83914023567466,7.61245835692491,7.7894436492636,7.32316641700247,8.64686318130084,9.26064152067217,9.37758122677126
"PDE10A",5.64097975649055,5.65006214510587,5.67402001114681,6.09105685920842,4.29155905961458,4.09986452614794,3.95913539160398
"SPIN1",7.84834013940335,7.91793588191057,8.07129169379143,7.58352393012262,6.25279772595662,7.52116037507501,6.5692834861608
"CLP1",8.11994935409695,8.19126479400796,8.14072056538904,8.06933473733074,9.55216366043173,9.55853391670278,9.84378352850973
"FERMT2",11.0031123334388,11.5115260815222,11.5331850139139,11.1019593716891,9.59527844876537,10.3374771682118,9.69489210605649
"RBPMS",8.24674013280789,7.92833691206685,8.13756782034156,8.43776317323237,6.85872537821643,7.20199959124052,7.3481723506886
"WWP1",7.90548200118158,7.89336802830115,7.97602282020432,7.77577612477279,5.94513390765571,6.55585009267294,6.79965903202375
"TOPBP1",8.34826461546376,8.9822857689061,8.52390244579935,8.17548715420262,6.74827813247167,7.13181370364739,7.3481723506886
"FOXN3",7.18419005588312,7.19061558102553,7.486531094615,7.50123769879893,5.05852795156426,5.64135149373388,5.56621378216258
"BAZ1A",7.1811916455417,7.9704759985023,7.89924829016922,7.4333880394194,5.9110835679123,6.46933640823571,6.75576927199665
"ZNF277",6.33402725978071,6.55080857272286,6.46243809753087,6.06629838220194,4.83679649307116,5.0295989534844,5.06061119229524
"MAP4K5",7.24427372925306,7.14245911578769,6.56133786481262,6.19406695182226,5.55107991939024,5.94449744348806,5.46605789807661
"SEC23IP",7.68385734535726,7.50878374956378,7.57789917818585,7.46417873341284,6.02557032686456,6.42013583418908,6.54963058445246
"AKAP13",7.89788072823203,7.70183061669744,7.76315313348157,7.91063031968833,6.2855861642429,6.58431831238396,6.22924331688962
"PDCD10",9.36046142946836,9.82396301972642,9.61841740598602,9.52504827067609,8.06613572372023,8.60436354668205,8.60703844352849
"RNF139",7.59473358965039,7.69624415901512,7.5434744162152,7.73197786654903,8.6947391156821,8.70284575809264,9.07716319794733
"PACSIN2",9.28009482821058,9.32414825585506,9.57092923289502,9.53855982692507,7.948560063014,8.44198522653058,8.37654991243517
"LARP4",5.66884716254658,6.11654287832752,5.5767460233783,5.26657363130501,4.48876685661597,4.94066684063757,4.41433029690213
"RNF13",6.8760031641749,7.0547807321696,6.67327188208993,6.63922037002153,4.82767662591025,5.0917205264078,5.52921791252606
"OSBPL8",7.13064382686359,7.70168816946523,7.81845350856345,7.32772776075436,4.42550701707118,5.502644777285,5.4123284368901
"OSBPL10",8.49990501094329,8.73392085385068,8.77123607075713,8.53297395729819,6.92593271474361,7.245430629058,7.22966260588174
"MRFAP1L1",8.52182169097179,8.75383373704343,8.37805701063599,8.68227255918746,9.42643075063121,9.74942399482657,10.0148429414688
"ADCY9",8.37451819790165,8.62760933616114,8.35650806886154,8.00551268204423,6.91070967639935,6.93915240088133,6.78233546419101
"OSR2",4.65156839393561,4.8819826775098,4.79468051609776,4.75983741583777,7.17087004540115,6.93410064682781,7.19512459991558
"AGAP1",7.43172550573572,7.0972382742009,7.23916957498528,7.63948078241541,5.57917389948437,5.88889831903044,5.70044152419862
"C1orf216",7.67123211045208,7.79811041902186,7.85012986551712,8.24399472491024,9.13486042158117,8.78648458520573,9.38676345142609
"ADM",7.46779243653521,7.55178441928457,7.08294369105359,7.19813911193191,8.92879207732352,8.98539927735666,8.97370430803399
"ATF2",4.28833207124503,4.7548872930067,4.53517352986756,4.15707636597532,3.21639404349746,3.44227974353243,3.62664161636675
"CREBBP",6.99643999028048,7.46160866748523,7.22593083110478,7.29135354549937,5.66680807171082,6.49215750769849,6.32031171032422
"NEK7",9.18639134498345,9.78601273650453,9.90668953205708,9.27928273977197,7.32488130786278,8.33819369889791,8.16595536138619
"MAPK14",8.71270410733468,8.52436225301074,8.45759224595791,8.45752749027166,7.15607185099853,7.58681362741607,7.66362025294973
"CTBP2",8.96763577164505,9.64847448302123,9.54000636987853,8.76350158197976,6.4960253334831,7.08624079135515,6.86713553327896
"CAMSAP1",7.72703674803948,7.91238069574301,7.94008657923734,7.86078677878839,6.39367434701121,6.92236888522802,7.03687295471024
"ADSS",8.99081733693776,9.11268525677692,8.92241896599364,8.71723475033157,7.38583296106745,8.13329260892237,8.21616938917897
"DENND1B",5.96307419412702,6.75102121865374,6.3409857691862,6.72005013044726,4.75987694415981,5.38619635231011,5.25987598602447
"GADD45A",8.26113887482693,8.51326461090441,8.3036961677362,7.89700250908581,10.1298781040285,10.5868344961357,10.2814029278024
"DMXL1",5.94080785752861,6.01647595362617,5.6778637558797,5.73144586628302,3.64005232005314,4.29631090235619,4.07906133495732
"DDX10",7.79771757472212,8.06288611326395,7.91278856299903,8.16335755910538,6.96278051944055,6.91000932257269,6.53289911829475
"DLG1",7.56720949261786,7.75856636515123,7.13514977311295,6.97550661807698,5.16797952524456,5.87544169311901,5.51559303643666
"DMD",6.21618418303516,6.88138975703579,6.62746301974973,6.28361776675114,4.58309682313259,5.17975704031225,5.29378548140511
"HBEGF",7.82278523132519,7.66347789504019,7.74785119019335,7.57230557719718,9.7597641437011,9.37782529336196,9.63629873590044
"DUSP4",5.57301812025158,5.21364913076055,4.38686422505051,5.12648427338106,6.99605785746728,6.94242557761624,7.19427917482055
"DUSP5",5.91307859344847,5.68920215985754,5.82529666592592,5.63521819223469,7.28885878678534,7.26542028029537,7.02452316387844
"DUSP6",3.8329014926078,4.0735388374603,3.95008802461831,4.25366572096462,5.53860163459691,5.44395038356181,6.03041565917056
"DUSP7",6.85006261085949,7.24958066757136,7.15122080943632,7.16556817637144,7.89927966942744,8.29807093999692,8.59401819302733
"DYRK1A",8.51436539608976,8.82359707044698,9.01133130394588,8.77976626261282,7.09529247453841,7.77988829460308,7.84137243146603
"ECT2",7.71738396228489,8.71462333742691,8.72158918273827,7.86993001673902,6.15275362082702,6.69566945124994,6.92983492816857
"EDN1",6.97764003290525,6.54904005674216,6.88470946753405,6.50218544612111,7.95736045540871,7.77531445525176,7.69306158678044
"MEGF9",8.74683123787661,8.6330435025896,8.13356869006532,8.42253971058935,6.80073347494694,6.87972696738493,6.98038628436013
"EGFR",8.92433527847146,8.59992607523539,9.14098775348674,8.93245121316477,6.82955327773834,7.80933979088425,7.2073935604233
"EPHA2",8.41800914254014,8.05639668316004,8.14434410666789,7.5898496196987,8.8463045330882,9.51464663429179,9.50459684048752
"EPS8",7.9731086812263,8.1221701831171,7.8411250081343,7.67093100728794,6.2458077413878,6.85830457633388,6.67755628959372
"EREG",5.06690763219445,5.01334445687189,4.76308304733058,4.79549223124241,5.82957898937337,5.73237713771624,6.19308800008668
"EYA4",6.52128444117556,7.63804516756278,7.05838419713993,6.66953862052422,6.10865600670075,5.97434715556347,5.61121511417904
"EXT1",8.38691883170662,8.15701639549944,7.94155952253005,7.69773936497857,6.29743870087834,6.23853077828503,6.12458817757399
"ACSL3",8.99031903033898,9.25983084826505,9.00761926691085,9.19866556371121,6.81333563141532,7.07630276613945,7.41952901442075
"FAT1",8.20747492579682,8.51850209863069,8.21358390565791,8.20028211918791,6.77875722159606,7.41428186107629,7.24948551544307
"JMJD1C",6.14438378752726,6.32871769252608,5.90251243048153,5.61348219691977,4.90768699080033,4.88573093009905,4.77772895661371
"FDXR",6.71102580917884,6.84172332914254,6.58963334247998,6.97510873891591,7.72083152799999,7.46674422907818,8.29878955011973
"FGF2",7.321180572609,8.29437124520789,7.84231487973744,7.01456830233439,5.40831896858887,6.43652562145187,6.88214406965289
"PHLDA1",6.08566586836184,5.529069347542,5.07766754990203,5.22887109530832,7.31228283455678,7.28457153426287,7.82824333672271
"RNF44",7.42024376114511,7.67318520975454,7.7265203517108,7.4147390126188,8.67084677100922,8.4522852848468,8.76659060674708
"FNDC3A",8.1914551483859,8.05517435347208,7.72792657393697,7.87356205630487,5.55863678247039,6.59699371422788,6.59075956152427
"TRAPPC8",8.2956220015445,8.25853159242605,8.68875195945053,8.42219703125686,6.98851749686405,7.63368083112393,7.45296944808122
"FOXJ3",8.20663048517222,8.59617844203435,8.81433334120161,8.59771233518808,7.42840643683441,7.40215665154425,7.66169785197
"DIS3",4.70124320650983,4.45000862507174,4.38228808334638,5.00875667012554,5.87701604454375,5.81774268269417,6.67283351890608
"DKK1",6.28586897383932,6.34196724773522,6.06358772508856,5.80927259779163,8.46447926809389,8.47002577373148,8.77323871751479
"TPX2",10.3598926419482,9.90143575643797,10.1186010077437,9.94981107902422,8.77878185469329,9.39819285085115,8.96387062492845
"LIMCH1",9.81164086854906,10.1586071353246,10.0715317530577,9.98907876591679,7.76657463305404,8.4626252610024,8.17378219965795
"PALLD",9.5224023244913,8.88027438748934,8.25726312493137,8.20663799881835,7.59820177627261,7.95408611258345,7.18961112015069
"KDM4B",7.56883615256164,7.57929512892598,7.54889904528723,7.36905398739484,6.43386161690322,6.37842390022515,6.4132326575107
"PDZD2",5.16349139119781,5.95161148434443,4.58780968361494,4.42013681969918,3.95223962067457,3.79866386978051,3.72197390814497
"MON2",7.34774520805375,7.41320756022063,7.03782241982382,7.17301391336323,6.06099848712358,6.17895466700191,5.74340728153082
"PDS5B",7.99116589438667,8.29248173538871,8.33183326547779,8.29197298370462,6.0719557098487,6.52260045189439,6.20468481322962
"WAPL",7.20814188010964,7.48489913363215,7.09352691170477,6.95277815676243,5.824097897488,6.03649693213342,6.24730028973486
"SETX",8.09513017542465,7.88704054215998,7.59987088892923,7.3868608328599,6.69558982244256,6.31673730133844,7.02331683735213
"SWAP70",6.62791087602068,6.69496605241192,6.41235048299194,6.28427938688499,5.17435157029894,5.46851750872579,5.67785392371277
"MYCBP2",8.39612757752077,8.76637221746607,8.6197874968773,8.77598958843977,6.86394000672144,7.75377117333359,7.33246030273954
"KDM4C",7.1674524206816,7.05773240256749,7.07311091224379,7.3868608328599,6.31723362009441,5.67711458731536,5.9263857477897
"ZNF423",8.87711341940258,7.85163724171745,8.51680340453985,8.81543523473375,6.8828404350972,7.39520902355016,7.86818283632803
"KIF1B",7.65423136986622,7.86135791189018,7.61967985194906,8.06763332725039,6.71685072657908,6.95474898471348,6.58468964791254
"CDK19",7.01689886060396,6.94281180376932,6.60568134604606,6.78484353870754,5.67343567457073,5.70813715740275,5.64027620032067
"CLASP2",7.60304163031966,7.81158451858832,7.60102368036149,7.3137979631533,6.00606019326989,6.47084533968585,6.22496709394062
"TBC1D9",7.07960125212628,7.74402700005297,7.20559294271778,6.79349075945994,6.17516535252335,5.85481136266552,6.39262865447552
"SNX13",7.33911711929911,7.39644279020726,7.07431049046943,7.15627548286603,5.62440761559757,5.98937645055743,5.95010989401867
"EFR3A",7.91314247224912,8.23050806570992,7.85412081056941,7.57868053794387,6.33129567641261,6.85365960291654,6.98472044841251
"RTF1",8.14425593745992,8.54437904735092,8.42185382573775,8.25907110320376,6.88221325803513,7.33035416884321,7.49132608383588
"ZCCHC14",7.72220504112113,7.80276790201456,7.61760701127586,7.14460072634489,5.90639444240146,6.21649708653251,6.54111007424149
"LARP4B",7.4628942727493,7.45024806769943,7.74996700909797,7.28799002336311,5.92594802625083,6.27708808660185,6.17956186994883
"RCOR1",6.99485577434757,7.07117033456043,7.0767677550822,6.71327246233573,5.42210202189302,5.47634814516082,6.14697654879743
"GSE1",7.60650832643188,7.45469352867776,7.79557083246237,8.0065500926189,5.9643778362409,6.04522550196947,6.30326509921533
"XPO6",9.4897936427166,9.40624870193854,9.94665651485196,10.0183214657117,8.44689443023415,8.71182859388151,8.94542288179532
"PRRC2C",9.46692612811507,9.65257750607272,9.68416139292306,9.30912242064287,7.38061674342794,8.39651730057742,8.54573066360336
"COBL",8.93335214584268,9.27758483088824,9.06846543514681,9.08483135468502,7.89070968347473,8.00294718333906,7.98299033315416
"PDS5A",8.1751164294053,8.37153501230441,8.42519222655617,8.45212183762045,6.48801212529289,7.15090879036261,7.03435000695211
"KAZN",8.49461778389277,7.32625035613116,7.59104954028425,8.03763363482164,5.64648060452317,6.24149327380894,6.90596405537064
"DENND5A",9.32600922424976,9.29736506504908,9.70691673683213,9.67198627857443,7.55042616718322,8.27424132104767,8.20111607696741
"ADGRL2",6.6489315303603,6.49764555408401,6.93334200120805,6.9671909966942,5.23937175023806,5.69590104636436,5.72199180935336
"CAMSAP2",7.6184367423539,7.93844457409499,8.05051764162461,7.86802332289758,5.94692051439721,7.08590929563557,6.97853066980906
"FAM208A",6.39907365223165,7.00950799096801,7.07374730452969,6.78032070468662,5.1556972413036,5.61576695143313,5.58032901592933
"NUP160",7.61481964862141,8.80388225597994,8.53560717137841,7.57576667849651,5.89287723387834,7.33452329853587,7.08799680521838
"WWC1",8.29760423235805,8.6091051159233,8.93106289827375,8.75278886699675,7.44279627417913,7.6194106681425,7.48207238859368
"FBXW11",7.842943383558,8.40753554850617,8.23100016978036,8.1678179647492,6.09454570306386,6.84846369511522,6.9731434667483
"ATMIN",8.03438718967404,8.07426420723254,8.29046526950173,8.20723615371467,9.11262958603281,9.35542847538428,9.44931082766101
"EHBP1",7.60273651665872,8.08508180320243,8.08666229450691,7.92793145170978,5.16145512913513,5.28968279473069,5.19565849775134
"DMXL2",6.39886023316901,6.82862245632958,6.72161577265229,6.60089937773022,5.06188203898981,5.5181352169069,5.71117810137522
"FMR1",7.55709566110556,8.82574929950308,8.20457363077666,7.81999695285611,6.65201104230913,7.0991757295124,6.91928895786736
"TRIM2",6.20540224459923,5.71672804145392,6.32650805992707,5.60592562483943,4.40813811520739,4.3050145094523,4.4213583536738
"CLASP1",7.58406108246694,7.59199288583558,7.18557311757261,7.25594309859506,6.00196830032972,6.43833424138901,6.27050992941702
"WDR7",6.44154297982948,6.73350990594305,6.6567667898491,6.77291089451204,5.23675480024713,5.57888104051129,5.49740339569686
"JADE2",8.1952917061869,8.06624552984693,8.18739485512349,8.07883669823912,6.86062493657262,6.72290079354057,7.14617046968942
"SMCHD1",4.74014365256604,5.30519874834119,4.97173680142257,4.8810514011201,3.59467149771801,3.90164374334699,3.96685214824546
"DOCK9",6.55687369558575,6.81312079753218,6.46125321009865,6.10945664784911,4.92238681770561,4.91237541652331,5.1106427628253
"U2SURP",6.61228534996932,7.16110657654557,7.18354395199134,7.00893511857045,4.8729821986596,5.51204210355865,5.78815221006983
"PSD3",5.64801832418355,5.75024054173649,6.25017400837661,5.87191567906959,3.85178361670472,4.32956256943283,4.26633523474155
"ZDHHC17",6.52285217981495,6.83769639772759,7.14979602167521,6.76204894186199,5.1720265825119,5.69168322829446,6.17404699822559
"LARS2",7.52309602652463,7.91456553911824,7.5953626349179,7.64100335428891,6.15987867268419,6.50917512854272,6.43608895185101
"TARDBP",10.5194622980041,10.7258118054892,10.8079430353827,10.9376572198244,9.46834682118864,9.6812519105981,10.0746109912237
"CAPN7",7.32939585487592,7.7637338371066,7.35650946922409,7.27401705817224,5.63630261966794,6.19786512569752,6.2145012893406
"MTREX",9.37087984546389,9.44871450942472,9.29055288224644,9.41204369421917,7.81165512712512,8.32653253965542,8.00201145180927
"KAT6B",6.6399820654684,6.62988856155944,6.62276635991858,6.06629838220194,5.00376058030794,5.23301169174613,5.33414736807715
"ACAP2",5.35182302072272,6.49203669014149,5.65389706655219,5.6515928817429,4.08858125823277,4.51166491671899,4.43740836177664
"TTC33",6.77320866178667,7.44755852768495,7.07286357647631,7.19454450840464,5.68911302944763,6.02233897066088,6.27822447891451
"CD2AP",7.04287615393172,7.37647955772998,6.99808782529758,6.67407176168985,5.33196691585697,5.90496007889384,5.74150120628663
"SSBP2",5.91491035825288,6.14278268172957,6.22336854581648,6.11459057521459,4.66895864655245,4.68998459534415,4.6094686730382
"RABGAP1",8.26045620465544,8.08333398298513,8.18478542761001,8.06955673862601,5.57831990898014,6.19612428860241,6.48031977899726
"SLC7A11",8.84444148044796,9.24670663763155,9.24099973037283,9.30267775193738,6.53309819002985,8.0929237993607,7.54232649608494
"PRKD3",7.58515951329013,8.20775142781008,7.84039164923027,7.59383656784299,5.98176988925989,6.6332404953118,6.81279391927145
"PITPNB",9.92861590643143,10.3102683279321,10.2569601755179,10.3161140958294,8.57003536419778,9.29650106048843,9.1397060668645
"MAFF",4.02511537604573,4.02762044950226,3.72550022999646,3.81173189665808,7.83934337850416,8.16936030365047,8.30858827714689
"FLRT3",4.51712815654834,4.2315095013401,4.44966862638477,4.76647347577927,5.28308774686415,6.2551212276066,6.39228881554474
"IFIT5",6.43381612632815,6.85968722271664,6.37829340134105,6.4227682028925,7.54761326592725,7.31392304855987,7.93815819487633
"CENPI",6.50708525852919,6.8030450298732,5.81628221741253,5.84248418456258,4.79178208381331,4.46704947339566,4.55939806020127
"FYN",7.44514554915918,7.8143749310021,8.01191449693778,8.10021628341675,6.31943926759749,6.64552223728017,6.65548761292273
"RALGAPA1",6.72044090823345,7.30608339752532,6.774953237362,7.10946459050182,4.73605148160116,4.8609777405624,5.51979299935837
"BAMBI",7.73594259694268,7.53678617662954,7.45847591011508,7.48433981488184,9.62366690601178,9.66281368188723,9.50736589819466
"ARIH1",7.49774979307534,7.76401351026949,7.73864854303948,7.55258060358,5.97093001580643,6.72980863270284,6.39213465036179
"NIPBL",8.40371043537165,8.95524987645765,8.26545381732448,8.27373367652205,5.81701320257629,6.54374303695172,6.63758287077924
"INTS7",7.75288133413751,7.92999193869542,7.52717956869797,7.32448964843639,6.6206701185933,6.50908930392496,6.69937704423262
"TMEM158",9.34623321372218,9.02520119043508,8.91573810186409,8.53977463505327,10.4109298753087,10.3204974773934,10.562368027312
"POT1",7.21467884217115,7.71247303676254,7.7265203517108,7.1851083718805,5.99925691263266,5.84904296242434,5.97709362964059
"SGMS1",6.51611616939926,7.65003339531958,6.36000457118519,5.92301386174793,4.62649197336486,5.07956733657341,5.66817809588857
"ASPM",9.61578888243363,9.80702444871599,9.78166040865653,9.72653750056763,7.58406108246694,8.3082483372483,8.34562408817004
"WWTR1",7.33999888294322,7.67218471024733,7.34153910032146,7.09869722592837,5.77382926455754,6.34869344965099,6.38762311429432
"IBTK",6.58838252556588,7.34779283076058,6.86627930440527,6.38305933336541,4.83570125880548,5.38030385589826,5.59037152289084
"SIPA1L1",6.78166265932333,6.78064032290096,6.40051414966994,6.56366301191671,5.57647162945444,5.29053386448125,5.45008464183259
"SENP6",7.06756603814244,7.73523260409045,7.30242542032707,6.7637590289073,5.55626427369535,5.89618582737347,6.21063639094596
"ANKRD17",8.05339105671619,7.67770984354374,7.45868256973685,7.54841510477133,5.86105681212259,6.26201496632821,6.33995646055837
"GIGYF2",7.84473551850515,7.81029240779587,7.51069128714093,7.90043849292704,6.80117120291641,6.6134213189856,6.50864142146321
"LSM14A",8.03719651496287,8.41736377777585,8.46289159636441,8.63929445392135,6.38769682427787,7.31713567979082,7.62930486317456
"HERC4",7.49329818662352,7.1861810016789,6.21249434158842,6.06939433321597,5.22118686749719,5.74034620279796,5.64516140226454
"GAPVD1",8.94665876861466,9.47569366506182,9.2195705283716,9.27802143510653,7.46124316141567,7.94905318140194,8.04385768916752
"ZBTB20",4.92892730489766,4.75150262531332,4.29015614610752,4.67598442894351,3.53118045007185,3.56117499726007,3.5279646211901
"RSL1D1",6.18887982587964,5.81851507551729,6.83827736773386,7.12228891338185,7.96251403788397,8.26815847733539,8.52957585392991
"ELP4",7.96943586194873,7.58638563564613,7.33150626599954,7.33150626599954,6.31212084870056,6.35513922194625,6.55357772919853
"GFPT1",8.26782010293712,8.76283952247933,8.00004871447231,8.01553159094352,6.99700551606251,7.5038907927045,7.18618581336741
"RPS6KC1",7.08906909193897,7.32768221504263,7.15418233237063,7.06627885750425,5.92440453152162,6.03136205034869,5.82768714856128
"GJB3",7.96824142973345,7.81663463944744,7.32874835441392,7.45103922906909,9.47603369809908,9.57352831313363,8.95503148137163
"RPUSD2",7.58449546796999,7.4644121489009,7.52521550796692,7.49093497325838,8.53416406386552,8.58353363199847,8.85485576626185
"SESN1",7.00544319966555,6.82912096607298,6.94849924006231,6.7521412256245,7.69726621636016,7.95039088067418,8.19760364968408
"GCLM",9.53114450285013,10.450105432821,10.4000334243298,10.4506979915788,8.62422652021057,9.59674189018142,9.01843288724195
"ZNF544",8.00527206049296,8.38984041273106,8.36379578309324,8.53453106634361,6.90967636747018,7.15600302966424,7.35572760832099
"ZNF330",7.98637884178114,8.05423859115419,8.08933072135749,8.29943404270749,9.18150461963896,9.32581208676761,9.85155555147722
"GOLIM4",6.82857789178896,7.29767949893126,7.26174030250883,7.21731452556211,6.18976116665711,5.6125273906962,5.92103447792491
"STK39",7.2670013368129,7.83679489305745,7.52286766567679,7.39164073141789,5.81044417581262,6.16293781424893,5.98229710544019
"GNAQ",8.20607977764833,8.47128692288982,8.89771367863061,8.63019688473336,6.47169929809276,7.05970835788703,6.84196351756494
"GOLGA4",7.88906614767018,8.16190677403698,7.94818103518506,7.6335241398446,6.34135857625397,6.69854772655378,6.74946215939308
"SLCO3A1",8.48688579589173,7.33648808279394,7.99116589438667,8.22465720415193,5.66523312170235,6.38953033212044,6.79175462021661
"FRYL",6.33595934030214,6.22219967269061,6.16232642401842,6.22441609227742,4.15307705235736,4.33832965227944,4.53597820607088
"GRK5",6.81439379275731,7.27037110652172,6.70876937831779,6.86394000672144,5.35585997945621,5.19419994754914,4.96207751576838
"GRB10",9.41382752033507,9.17410176777076,9.58590777190574,9.49308851275946,6.60723720741917,7.02907550248417,6.81303325786067
"SNX24",6.56762596437319,6.52853517758163,6.61166314139287,6.44409599435279,5.24466310071116,5.5120669814784,5.27950140860981
"ASTE1",6.35886953226325,6.04920447920609,6.15763485039288,6.19476110653726,7.22668533119541,7.06704204150161,7.39664471214497
"SETD2",8.50133214612325,8.77095195969239,8.18436411182827,8.54205412841606,7.20742265117617,7.45538678333721,7.58406108246694
"NR3C1",7.76325513638446,8.47912049291429,8.32907107839258,7.9028543662626,5.132535481774,6.00767123662857,6.37614359086372
"CFAP20",8.70765914345273,8.86462386215767,8.9491761502288,8.86084208712628,9.97008397083469,10.0614503723938,10.1562926844933
"NXT1",8.23139896193265,8.24871415058443,8.48860958790132,8.32944954614815,9.32231786301386,9.50080478536846,9.60155514419497
"BRD7",7.66549886879311,7.78395584658119,7.72779353395206,7.62829066023481,6.04818765449609,6.46117357930235,6.87959256944728
"ANKRD11",8.38286143690079,7.8966293699954,7.52401295722254,7.7410436601391,6.72505670010745,6.73893296244051,6.46804247111772
"GSK3B",7.8093332756095,7.50071159756388,8.00728478409896,7.92750936913779,5.89688055711211,6.47826620751687,6.33227447695668
"USP25",7.95879806289717,8.22494237334478,8.12087143644672,8.16004970035932,6.8316218980149,7.30462309064187,7.07675532115711
"TRA2A",4.72796472364363,4.85997880044856,5.34766844636825,4.95295966917073,5.5773819077005,5.87660652068779,6.63400875722662
"GPSM2",7.04297089167768,7.36735844891413,7.50573746322763,7.37036074532321,5.77442379328445,6.0903770298677,6.58468964791254
"STRN3",5.33494279510118,5.94330776366026,5.625641553042,5.33494279510118,3.66622924875032,4.44398100263565,4.75259047347992
"NRBF2",6.08464566845105,6.35568829606826,5.85987816594079,6.13406333684743,7.17875264117413,7.30598794089125,7.4965261690021
"BAZ2B",6.38733368947302,6.61337428016463,6.31148584773186,6.07716013517702,4.67933161876346,4.7559081091363,5.06996122306713
"PIK3R4",7.69572307020464,8.1589514001167,8.01659693615669,8.06007308080214,6.51086405597281,7.29003672030352,7.00860556391579
"HHEX",6.02519908084354,6.31926597088085,6.2842450322228,6.33145853052915,7.3868608328599,7.19594105841643,7.56130678979557
"UBE2K",7.64453668271341,8.032606521784,7.519957870333,7.3767276010585,5.20513825961038,6.24919339292411,6.17547411973548
"ZBTB48",6.69678016810128,6.51948851129896,6.60500673302981,6.77546790364445,7.6453877589309,7.29177668051535,8.06150455810718
"HMMR",8.49182065865418,8.17913390124146,8.51353385756527,8.41698306105376,6.6036704155991,6.48102889937654,6.47757657233154
"HMOX1",8.97095244119251,8.84652214962836,9.12757853708629,9.22010163835965,8.0112723227514,7.79421761976553,7.54525388768693
"HOXC13",5.78028012796606,6.12224665502093,6.43991712439474,6.27696360118653,7.04683568958346,7.43541489572588,7.007616531489
"APBB2",7.21448038153687,7.3520882216405,6.73582043009936,6.80574908418959,5.52717866970477,5.92064876146429,5.21044615520551
"AGFG1",8.26251120336938,8.60923349515572,8.62777384133565,8.39567962922132,6.56891998640856,7.40131901962103,7.35849765646013
"HES1",7.76853353415152,7.21925221727561,7.35235540070585,7.07109026364763,8.34078534047377,8.64119273384214,8.93893286231572
"IGF1R",9.69691310825996,9.76744944518703,9.4551826710164,9.34958583469773,7.35729888010435,7.98450839116109,7.28154539716412
"IGFBP3",8.62953601472836,8.56598391211751,9.31134438679089,8.663696378901,9.49601501906977,10.0835071247834,9.89501790697562
"RBPJ",7.12022072765518,7.24880848663718,7.32913754659045,7.01419672270764,5.44975519132852,5.92921978736569,6.69952628168949
"IL15",7.53133746625801,8.20605737718711,7.43906203775572,7.65277543008161,6.28229445458952,6.63517129899625,6.7693676394255
"INPP5A",9.33787117143696,9.40932913272749,9.4075178503686,9.49601501906977,8.05868766692282,8.32483924813443,7.97208580538087
"ITPR1",7.67910230184338,7.81157344059783,6.95163541223455,7.31830518892228,5.63383072209405,5.58556538541893,6.0369066365218
"JUN",8.42492753150085,8.98979891923515,8.81036988671495,7.94785925262783,9.48984567953846,9.79448754450088,9.52187572715135
"AREG",4.8060284628453,4.8060284628453,4.05903206713415,4.38785922477839,5.67985848669037,5.15801546274878,5.76103481162811
"KCNK3",6.60066799290776,5.9779711009568,6.24513776662174,6.63701190213826,5.6083136619795,5.16633279100988,5.30200160649927
"KIF2A",8.13811095556038,8.64025036516172,8.48188420497498,8.45927462521203,6.85321426782445,7.30804158035138,7.34087458398464
"KLC1",7.94345625074493,7.85248574320494,8.04670644486368,8.03633120864994,6.61296329738843,6.77530416219658,7.08026610822805
"KIF11",8.20907768003051,8.57728655066452,8.54665126340712,8.08933960765717,5.65808624751207,6.32158091425117,6.31568202316872
"KPNA3",8.87467805440171,9.50759356205156,9.33772585762593,9.28082395410949,7.67783087583888,8.1472730283943,8.18066863570348
"C6orf120",5.03011286732406,5.29515287542392,4.88573093009905,5.21332862257641,6.30060800955601,6.13647249083614,6.40668909590537
"DIPK1A",7.21823728860333,7.48019645554859,7.04486952645068,7.14969876069754,5.27468330435423,5.81989822257524,4.94603232243361
"ARHGDIA",8.70559557924303,7.31347975533358,8.44111572888982,8.4460587468424,6.97950369404911,7.74884597377379,6.90035647276062
"LMNB1",8.21498550047245,8.47301550588087,8.41855170313921,8.45922469277155,6.33633501373863,6.68762952928109,7.09646746125509
"ARNTL",6.87790523560205,7.44295508785874,6.41573067107108,6.42126592691378,5.68250915289248,5.6909729021438,5.53751676268218
"TACSTD2",8.99962252614498,9.01667320684327,9.2707842631921,8.91317173740701,10.200832012096,10.2794453762292,10.6065832674058
"SMAD2",9.01845769855573,9.35926137696096,9.07219899048126,9.10841418311084,7.78787299519319,8.04802486545293,8.18527226686204
"MAP1B",9.49376550292348,9.32962508645541,9.64366972319792,9.18826497985388,8.14766561632932,8.67250642068487,8.37723133451354
"MBNL1",8.48437986529734,8.97474665016477,9.043128506323,8.91547843663467,5.99758622108883,6.91764805752402,6.73462961386182
"MCM4",8.87699437522017,8.28385598291235,7.58446378243008,7.90891679167535,7.33796534951383,7.83669963219001,6.08865501148267
"DNAJB9",7.37561844370322,7.23878365033799,6.89457653561412,6.91911595924562,8.52968739415683,8.30530097399799,8.49857345680923
"MEIS1",8.05320823492254,7.42599322197826,7.66367415427259,8.12364883881359,5.53065698632409,5.92029254201449,6.03334248153563
"MEIS2",7.28676644279176,7.17353919943509,7.06234452247778,7.07509440607593,5.01382876532481,4.97875754743158,5.63752122527055
"MAP3K5",6.08197699357289,6.51536879741677,6.16208066541557,6.00630781835139,5.09283828704166,4.60049246485881,5.20619914902653
"MET",9.62781017964109,9.7920772601087,9.68718863848341,9.34727828117764,8.04543312588718,8.61852049654212,8.43262648137409
"MGAT5",8.60096914840587,8.65363680539739,8.52806921622228,8.73770738148552,7.71497985231777,7.43503414578893,7.56589627588723
"MID1",7.71469740323147,8.08816066397772,7.98785831288805,7.6225393390305,6.82453539638477,6.34054461229037,6.88693706153948
"AFF1",8.25034119567647,8.12339580793846,7.89832785515969,7.86793895521726,5.94453908167773,6.50459291796022,6.29296462942848
"MLLT3",8.96428331160359,8.73999928796534,8.48174390434628,8.7422569029893,7.10470424327951,7.08482454144337,6.69911872339929
"MNAT1",7.60448478272449,8.0192954184962,7.38081417090117,7.86534936386917,6.4691116012223,6.32633490058587,6.19671163027187
"ABCC1",9.44421841381867,9.66274638560854,9.55986557048264,9.27572922581999,8.2841204718727,8.29252192907529,8.31188484987901
"MSH2",7.67611878937261,8.06390005831053,7.72783567836762,7.33776270552412,6.39718945522338,6.43353120605947,6.26095385971295
"MTAP",7.59657287359941,7.4959285614579,6.93757993610712,7.22189548994119,5.91596141713848,6.6712559271645,6.23257094473385
"GADD45B",6.65495103590135,7.12002138401686,7.39486505314241,6.55488193316519,8.19616610674345,8.54763435325189,8.380467565152
"ZFHX3",7.63596216501359,6.55542209754274,6.71789277511656,6.94771121934389,5.92311931113251,5.61996226921683,6.05454788162831
"MYO1E",7.98008175028493,8.18811053846675,8.09182109386698,7.86114054420456,6.67860500924641,6.75527430842079,6.62470434401741
"MYO10",10.2164950842307,10.5871142633977,10.4604162847252,10.3033279674687,7.67450555573492,8.55341362660725,8.00423137415404
"PPP1R12A",7.24372669642471,7.5222850431201,7.30326368502362,7.27901872405442,4.98265879712125,5.97052080637132,6.01213058757377
"ATF3",7.33922280818283,7.0519959574124,7.30545131804804,7.4284411994796,10.1491679145993,10.1576465802341,10.2797251701824
"NEDD4",6.8998367141899,7.17355124933731,7.32588249256751,6.96621386011046,5.72385120433882,6.40398606044542,5.92221854359785
"NEK1",6.80869758922061,7.02324705077313,6.61653749492035,6.75520025134493,5.60725068909671,5.53105780202221,5.3636522093179
"NF1",7.21448745330659,7.45684679942316,7.24678247535119,7.01419672270764,5.72796384432684,6.01868740840278,5.82060483512397
"NFE2L2",9.44591263335208,9.71329360572123,9.32634593389687,9.2145033443277,7.97399635995041,8.67724672365894,8.5511856737326
"NFIB",8.99905795972193,8.85451796773178,9.27911532551397,9.26271566298068,6.6522885733733,7.71340106978855,7.83082151761053
"NFKBIA",8.93989392499642,9.01061222560407,9.27498627244418,9.50030246076771,9.98641755047072,10.4399077157406,10.2738301713196
"NKX3-1",6.09258536013582,6.64380068716306,6.31053829687218,6.4514558708279,7.58184587692164,7.50307514119765,7.08971743494849
"CNOT2",7.45661516989489,7.69165506647771,7.88825635736166,7.3086089648211,5.44849047009617,6.26069697171859,6.74135864921426
"ATP2A2",11.2482696146217,11.2950963096089,11.4650987511314,11.1968714657934,10.0890473587415,10.3739363897894,10.2230726376537
"NPR3",10.3502214916789,10.206955123869,10.5984476898261,10.5426103796303,8.99471401167292,9.33460337825201,9.38496723715387
"ROR1",6.91277624449384,6.57453790716862,7.03178669970754,6.92807120727705,5.93470904447744,5.6622988311019,5.65075524700448
"NUP98",6.74640786849659,7.00143192598348,6.93701893064815,6.83444588358594,5.5630893681838,5.32150929053126,6.05323447873625
"OPA1",7.82317354023266,8.19186182357548,8.07243268288468,7.77277219516911,6.7521412256245,7.03979474632465,6.98437588601272
"ORC2",7.48703455979562,7.4911206533552,7.35868749175031,7.54949371850887,6.36424952158603,6.19053709740116,6.20743139840105
"ORC4",8.63758774079992,8.71084605584672,8.60007651827256,8.26634949850059,6.90540284738093,7.51059869185073,7.35859359855418
"ORC5",8.42696704218557,8.32189369684317,8.38169483756517,8.65128776845969,6.37096215112134,6.27519751740162,6.44017334703755
"PAFAH1B1",8.71127660502391,8.75451207510669,8.76121721024907,8.44398212740687,6.56617440933167,6.98557866332127,7.44277826372747
"CHST11",6.81218180495592,7.03398250702894,6.45146644574928,6.47861354422362,5.56183282877302,5.56461695168727,5.20201711765157
"PAWR",7.60180718622152,8.25681037518686,7.79178167623543,7.66961385092397,6.29548426122673,7.2365753160085,6.65744003169816
"HDGFL3",7.31038651831401,8.03658491533582,8.20379066408773,7.3568738668613,6.35496795768283,6.85803085903758,6.80184686499562
"PBX1",8.46146733309337,8.3391690962514,8.26334332728858,8.02338934999283,6.32378488162241,6.55592639255528,6.54572994837452
"PCDH7",7.9441004058022,8.0366136245368,7.81724795175383,7.52000250389515,8.93945829285102,8.76517325811662,9.01498479901982
"DERA",8.0602290283455,8.57818963566369,8.15752899007817,8.02753780294292,7.11977192301267,7.33073249246492,7.1586609132873
"UTP18",8.92606827262493,9.50085920519434,9.32089853775638,9.31260698398411,7.27314471180356,8.17147028338347,8.09505543578789
"NUSAP1",9.99121579217352,10.4135129703043,10.4442326522802,9.93822707957997,9.08247460735292,9.34733443570352,9.11599503945021
"PHF20",7.68436462967023,8.4737608951547,8.32054947600919,7.99655833037476,5.97824846498592,6.38510712253037,6.94561030406398
"MAPKAPK5-AS1",5.42843256677672,5.4776986611167,5.29102410830704,5.42787554104087,6.29926203001667,6.30923347678724,6.90666205098175
"IER5",7.81534495476147,8.14840623219558,8.00270293038432,7.60023384691212,10.3989110005354,10.5540207538532,10.452272028646
"FAM53C",8.79276175715796,8.5988482545021,9.2041136548637,9.19802052693043,10.2190579471069,9.9244259824866,10.2321914260527
"TAOK3",5.06059800838087,5.39214305243944,5.37613843153151,5.19594372991414,4.02581062867657,4.26325880956614,4.37358302258949
"UBR5",6.7964365585595,6.75246777623016,6.56055419234086,6.63713181885174,4.69097688710766,5.11616720072857,5.8085037799638
"PDE3A",8.33738511974714,7.82671380887863,6.93965951862366,7.06898386039157,5.54373607794566,5.35508615891203,5.01255851664245
"AMOTL2",7.94981097855654,7.84136763371472,8.23133126318219,7.71623940164127,8.85442445280429,9.31522729997002,9.43712045235075
"PDE4D",8.91682882575716,9.02596670978477,8.77979462290604,8.96560311622669,7.05318843665798,7.61944648304737,7.3869309974894
"IP6K2",7.97463347493582,8.01911401074868,7.94861848996553,8.09536726448311,9.09280622457507,9.15419594351325,9.28436030484264
"GULP1",7.0336755376042,7.84447617184198,7.7741979445315,7.18918681657135,5.58042228454343,6.19256999620501,6.04977028147434
"PDE8A",7.91925537749678,8.47101351891226,8.46242844233972,8.15612483083299,6.77358907592313,7.19789599555233,7.16804986661497
"DTL",8.68969619710689,9.36105708126096,9.23375915855428,8.94358935308494,7.21036537272325,7.98315513586185,7.92622017047297
"PDK4",7.95356038685688,6.96361129296588,5.84207061505301,6.38601020222453,5.53402399866867,5.24591428761533,5.19973577394006
"CAB39",8.54151859757413,8.55757500952102,8.44700084923651,8.76342621471099,7.07866985468546,7.5501094086117,7.69701725927971
"KDM3B",7.89043528028097,8.32216026652642,8.08858603353431,8.08084255213602,7.07443328351529,7.06421814090356,7.0832108910394
"PEX14",6.18094167651262,6.56815949021892,6.41621355773521,6.46099339670442,5.03386144505723,4.97063373863099,4.96801021582868
"CDK14",8.35943943464395,8.5955503944328,8.83269136336095,8.33434561010365,7.01323977508619,7.3481723506886,7.42175527617101
"PI3",6.50157430022723,7.05279179227928,6.61536457164684,6.86394000672144,8.07927389082092,7.96432058804995,7.66823718091932
"PIK3C2A",7.51543009354903,7.80757905232465,8.00531082829547,7.11001015589917,5.82366841511289,6.60463994419196,6.62470434401741
"PIK3C3",7.43088321725191,7.80757142731837,7.43477677493867,7.62525111980354,6.23826097675327,6.34496985809583,6.23580855506159
"PIK3CB",6.14363503581057,6.94652417936069,6.67578596956728,6.45360138402072,5.34663179026706,5.35274495381108,5.5573547307162
"PLEC",9.36649723508546,7.71312192569675,8.77420831833992,8.94073817369448,7.59238818339008,8.25469830781392,6.87012372867134
"PLK1",9.63452245885146,8.82920649320708,9.39172246757724,9.62141086262663,7.88557379033059,8.13947905284275,7.98857656710927
"PMAIP1",6.95642568543978,7.22771286879486,6.6227267969772,6.36850964969943,8.79792109971699,8.85293388694214,9.21149220639366
"PMM2",8.79291269373169,8.46057905928278,8.47560586109604,8.63494611548124,7.22440758807016,7.62210246408633,7.59045826874928
"PELO",8.83690831497398,8.74366138659089,8.75545698549699,9.07624793327532,9.98332983635598,10.202400946767,10.2751126621288
"EXOSC9",8.68917958515426,8.6850876176491,9.14254526711912,8.72446109351716,7.25699567423543,7.93297091322856,7.90205689677285
"PLEKHA5",7.44076301246411,8.07515105581437,7.94171429154934,7.76443744387327,4.36947417997003,4.76755370326392,4.95202942755913
"ATR",7.27128004283417,7.72184603663264,7.26780348315897,7.36943682021885,5.98733253838239,6.3163976777094,6.82524772895027
"WDR44",7.10054283288778,7.70603762801067,7.0893886534041,7.0027142607055,5.59658440993217,5.82163693620925,6.4501595210176
"ASNSD1",8.3296125420577,8.71371982183206,8.26759385677913,8.37348489565896,9.33151217428645,9.45876180724744,9.86571146462938
"SHLD2",9.40186791944212,9.63220060916329,9.66645767494622,9.88319181555319,8.13862972239364,8.51701045717116,8.77321481855451
"ATRX",8.14215242900038,8.89111645237301,8.69504823759689,8.36216622573605,7.38251227020176,7.42309850971446,7.48532021141565
"NSMCE4A",6.8386197842998,6.88506556458168,6.94665382932235,6.99864772074831,5.3330101306716,5.84852658851959,5.78739169040251
"FNBP1L",6.08566586836184,6.82359331781299,6.60143038657029,6.3873367084398,4.59789652694253,5.1659227008641,5.52875735728047
"FAM208B",7.57706245376431,8.16358535451826,7.95086422697204,7.67683622515881,6.13148449910733,6.86259130047102,6.95818534864347
"TRMT61B",7.47418165349435,8.11611724548448,7.92370242096306,7.98247529302457,6.34192298310691,6.20785579265112,6.36212716141293
"PID1",8.22066197413497,8.11453078144152,7.83916824698801,7.94780083908702,6.55410060944405,6.69937704423262,6.95513635694696
"PHIP",8.28306626305137,8.80337389186978,8.64818773840479,8.87942341522354,7.20619179589051,7.70040058869846,7.34623564998317
"USP47",8.90659491441789,8.9817920043685,8.97300988072874,8.73390027856233,7.54103793350683,7.89815178804631,7.94440712335591
"WDR70",8.20607977764833,8.57827517002843,8.52309405208283,8.81651551672931,6.80071571027173,6.8550741423151,6.71779112357613
"FANCL",6.98903346901755,7.7332432558507,7.18623765608147,6.92914799940761,5.56571337403275,5.95564078371786,6.13861231941586
"SMG8",8.06328139748779,8.41403604349893,8.07914002418399,8.04649342410383,9.84490050403001,9.89265350761159,9.91156368440381
"UBA6",7.69039474494627,7.84505046641722,7.17714604591508,6.95780826253208,6.2962386103873,6.79346133598257,6.1493013254195
"ASXL2",8.15544698630555,8.41782476549634,8.79678389645555,8.42387070067498,7.12638387147468,7.62098651321387,7.47244194408137
"TYW1",8.44120578966761,8.43744004579055,8.30931809855859,8.31679750958308,7.36652269150215,7.13672076364164,7.24123633505801
"PPP2R5C",7.65946968995182,8.04795293554034,7.44490899533865,7.22829029684303,5.63141331665247,6.04007485546075,6.20626264033083
"IMP3",10.0322151062412,9.65697652932345,9.88795090695304,10.1618985684352,10.9553388212252,11.0578913722678,11.2026289007568
"RHOT1",7.75540023402367,8.059584350676,7.85116587739893,8.13794919284661,6.69560441573436,7.03477621753171,6.98178834415955
"PPP2R5E",8.19240320220416,8.40019053657149,8.09336444371775,8.29674074726718,5.76206596179671,6.7184380177533,6.70610361750283
"CCDC91",6.4563616960722,6.83805321366696,6.4326559731296,6.6478712668748,5.50721045814046,5.47472177172838,5.74998739265912
"PPP3CA",8.95148787979269,9.17337750649488,9.08131710555886,8.84680020450817,6.56353358349224,7.21022621151529,6.74890192598045
"LARP6",6.85170411968348,7.13936016867347,6.48903278266704,6.48201492423619,8.11252180282648,8.07128840722213,8.19443429645478
"LGR4",6.81655411679902,7.14447898239418,6.81910469571263,6.30769968244597,4.97559887221944,5.17250200172366,5.59658440993217
"PRIM1",8.31829134357303,8.66579507214013,8.5881676855888,8.69750032968328,7.3568738668613,7.5714087850969,7.27328845943211
"PRIM2",7.40314658793651,7.23137138204403,6.62917405655894,6.5576277007964,5.73872286745035,5.79257312900817,5.40537486489733
"THUMPD1",7.27619620892671,7.47035151980518,7.72945438463851,7.49017580372428,7.89611465514005,8.82299477502411,8.76828034279352
"LRRC40",8.10555840868383,8.47399655314137,8.52482740513581,7.877129367792,6.6279374793123,7.40232198781189,7.13498553913871
"CHD7",6.02803788635392,6.20471663323519,6.49602756809159,6.56786630923776,5.20655786688854,5.31712882218846,5.35357259825562
"MFN1",6.66160700976298,7.53565164813248,7.2921610139711,6.82920323030682,5.59076148045872,6.31073642253458,6.01810803987611
"PRKACB",7.51477376472918,7.60157090525758,7.05622454146176,6.63635050424565,5.39674649594109,5.79430512600564,5.25542598272832
"AP5M1",7.58686732153719,8.11019924733759,7.69159476191398,7.60988127145437,6.35581861972516,6.56488693472126,6.84613682938877
"H2AFJ",3.75251277978554,4.01106777025474,3.7526759442731,3.58898803455401,5.23837364814081,5.06468123577755,5.47148006536906
"PRKCA",8.64321480190791,8.26190048818594,8.10679934929235,8.48789927659673,7.09266908495498,6.9360535933364,6.65567381092328
"CSGALNACT1",7.46867275655993,7.83357554287343,7.12921413194284,7.45460919556782,6.17645186640683,6.31088905001167,6.43639039207122
"UBAP2",8.55484125202331,9.17960951968977,8.92410486478965,8.93939472486061,7.3091003516944,7.80237919766238,7.75954086071315
"PRKCI",7.52430160712853,8.24731623578819,8.44137003786552,7.93101544160444,6.73021302101333,6.86973607603771,7.03998270042682
"PKN2",7.4604970769089,7.84014388945927,7.84810773913867,7.50290279617351,5.1465813728117,5.48590058394399,5.6825679179498
"ZNF302",5.18672234889959,5.80927636894377,5.33701135157404,5.42485604164976,6.46547174986713,6.22030023782454,6.98560274910562
"ERBIN",7.87397621397094,8.54266960285587,8.18770727352552,7.46511610032679,5.3516314803946,6.26369807226792,6.68562898910041
"PDGFC",8.76357305962626,9.17993076758139,9.45580179657671,8.98772668612512,6.68613294669545,7.54438376542671,6.92981956541921
"MEPCE",8.775097826791,8.61224980548248,8.96097588527097,9.10157392362948,10.0339249328304,9.9867289248854,10.3665814560903
"CYP26B1",5.00460421121355,5.10589964008529,4.77392646214011,5.17435160613597,6.74344648585821,5.94449744348806,6.71088762302423
"TWNK",7.31781882308956,7.40953940413166,7.61145335610783,8.05313386121773,8.6149519432703,8.77693520839602,9.32011086517201
"TCIM",7.57292683284207,8.25170595061342,7.75786435897319,7.65720074454315,8.41945492662054,8.95718681568774,9.36699672264619
"THAP10",6.86749761427674,7.27050792045481,6.81846570239847,6.6211232391652,9.32983022675302,9.1147446438832,9.39857515557508
"MFF",9.15364755154293,9.47273739872317,9.24543940339381,8.97943396975825,7.78263208371907,8.03282871888937,7.99555982372121
"PSMG2",9.68032175470552,9.97005101656197,9.99831656161747,9.70114813688871,8.33181500475138,9.05137353857858,8.82141714264796
"ADPRM",6.2252268474668,6.39742474750623,6.2539068834942,6.02568529388359,7.75344925248941,7.51529720444785,7.69100076446699
"BBX",7.28482393361974,7.33035416884321,7.51041256631344,7.51362928355676,5.05494368586952,5.62373923051446,5.5453918370968
"KIF15",7.05775803996707,7.33648808279394,7.60939578225526,7.5263958379872,6.0609556930349,6.3003223982669,6.67301253141181
"TULP4",6.71808773869513,6.6896360207388,7.17095398795922,7.03317862659921,6.0301745636476,5.8618105904752,5.81628221741253
"UTP3",8.2063697270268,8.34805611827379,8.00909904492616,8.1966417047618,9.34133850973605,9.44813902218952,9.81384084662117
"PHTF2",7.3048626080346,7.79085406158001,8.06274813907246,7.69592584113791,5.91399161993072,6.61356833763882,6.33080705398473
"PELI1",4.33817118034518,4.71000378038974,4.53186361402605,4.42572515321235,5.43226185753866,5.3184563997584,5.76330473424707
"PTEN",6.57228056391588,6.81901341482601,6.83296357722675,6.97336376388059,4.90653359666045,5.45307080313149,5.74422994118635
"PTGER4",6.10456277591109,6.18186930728201,5.70423936758348,5.34463047474369,7.95075209792083,7.92155237790442,7.83276072859698
"ZNF304",5.36407870763957,5.94303782228643,5.58699397420296,5.70414270752278,6.77966844262061,6.95778164888274,7.29061771085031
"SPC25",6.57100859446459,7.16474149060426,6.76663023460297,6.64833598872206,4.9144215498204,5.56192682517761,5.33490024569891
"PTK2",7.77858224126435,8.25378186119242,7.73552145543949,7.8473754610451,6.16225545910441,6.48126793449106,6.32655281824607
"CNOT6",7.91388144455436,8.1435525915332,8.22041659171025,8.03397619438749,6.31802943143063,7.06222986622987,7.06734717756104
"HEG1",9.24988645747177,9.49755821375434,8.97538146153925,8.80086023644918,6.50821746082903,7.11261876766814,7.11015492315544
"MRTFB",7.90119959224764,8.08998776798881,7.79771757472212,7.4914042106875,5.92161794385144,6.39389797992716,6.741596882444
"MTUS1",8.66670930085147,8.2028746743628,7.94750909388998,8.30126766943836,6.80529811387015,7.01533462116974,7.01897195816843
"MRTFA",7.67026221462248,7.27233281421539,7.77455895128131,7.77592896253396,6.5196000785278,6.49054341226555,6.71550894055739
"PTPRK",9.66237267117788,9.73607825152596,9.49733378251867,9.57655650837392,7.07021651044922,7.57703126210712,6.79881457507435
"BARD1",8.06529508415205,8.39339353618245,8.44219180688019,8.42369166534379,6.98311376092995,7.39829421700621,7.48400057573332
"RAB2A",8.77410955391868,9.44073808901079,9.24825161581528,8.76846663751507,7.68522486128115,8.10030745312963,8.13718410901221
"RABIF",6.40670852445157,6.79971906758544,6.40766883364195,6.82518308838866,7.67399098534646,7.62296162932926,7.70540565744088
"RAP1B",10.2034541098052,10.4574213168357,10.5423865654265,10.4490257994063,8.92003612123879,9.49572218289547,9.5191196514537
"RASA1",8.24558480675938,8.7120162113261,8.65501501813731,8.58132276057816,5.9841220275329,6.4314800700452,6.70265819081015
"RB1",5.80633651149664,7.22220675944229,6.38305933336541,6.12749035772723,4.21310517236975,4.6014827215885,4.70950600437014
"KDM5A",7.8172893899295,7.75523144682298,8.12110397706524,7.96094975697174,6.3474863484546,6.97842544610368,7.1086705814753
"RBMS1",9.85127174675103,9.52844041879747,9.78007483116295,9.59431554623963,7.26850457387112,7.75110478316211,7.69103699188987
"RDX",7.27387095326705,7.61803453925339,6.40881447951933,6.44046909065436,5.68884000267025,5.70471901956116,5.53312446934416
"RFC3",9.23084051022046,9.50897201432948,9.90100569651027,9.49700125249127,8.06613572372023,8.79431342796277,8.62824268679696
"RGS2",8.40918513145566,7.58320154269193,7.47305050055628,8.10842029090598,9.12632513689896,9.31286762604173,9.70992208796401
"BRD2",9.1246975767462,8.5241350823384,8.95347387955322,9.1617333388247,9.82760750710628,10.3154086300605,10.404866451709
"CCDC90B",7.84858763061028,8.4079674122081,7.8567177198494,7.98570855103268,7.07619769421865,6.81243138337638,6.95363207453455
"FASTKD5",7.71124217764379,7.60982302818956,7.40043375790632,7.72188095391683,8.61648898211632,8.64848908976047,8.86403123465521
"ROCK1",8.13378090754927,8.82449094077514,8.46597799196153,8.46982233045468,6.46505326952358,7.29702169546445,7.15152678426055
"MRPS12",5.87239596865017,5.91890348334477,6.01992129453861,6.26484633754615,6.75472330707016,6.64069413341784,7.73794880653928
"RPS6KA2",7.88857426268722,7.46235464230854,8.09512906261779,7.78637279985979,6.07497373665107,6.45693739696009,6.54509367671122
"RPS6KA3",7.94700366374376,8.14414116147254,7.63968752696305,7.58638683422144,6.60348643651202,6.96555438802252,6.64256746933547
"RREB1",6.94144274455704,6.65229724467265,6.55357245761528,6.78397780922864,5.20399536983334,5.45895207255755,5.7160484472479
"RRM2",9.37723985737135,10.430670658456,10.1205928976584,9.63780749611814,8.54834427028084,8.98873375989716,8.73541604377988
"CLIP1",7.31433244190425,8.059584350676,7.60929104408634,7.20110491645673,6.00154061882843,6.15173211481522,6.10068223227877
"SAT1",7.17301391336323,7.73664897128646,6.69246694303742,6.28992149109533,9.98423144034024,9.54393731372929,10.1046238052543
"ATXN1",5.74246549938164,5.87701604454375,5.59909865049069,5.61838829204006,3.36760261559083,3.63963949444862,4.0735388374603
"ATXN2",7.99505257288758,7.7309786539133,8.13947257305455,7.94046924687409,7.30183160738212,6.48722607665333,7.01112625896416
"SCML1",7.05470104439894,7.60688777225959,7.5459165053897,7.5120003559206,8.43300944519989,8.23050806570992,8.85853049171484
"CCL20",4.95290067555013,4.93286247856278,4.80897786628902,4.80575385671529,6.06681245337715,6.62595642359573,6.05154552830191
"SDC4",8.70046121482564,8.23046578944419,8.22057461483718,7.89172680497738,9.81127622330666,9.9184076412476,10.4341477616018
"TSPYL2",8.40943380300139,8.23776914260107,8.41397186769702,8.43156357256889,9.33461464376562,9.14275311131258,9.78328653550141
"MOAP1",7.23366992760128,7.55733562911336,7.05576985335472,7.08121782081259,8.73284739665305,7.92155237790442,8.3579847332023
"NCAPG",7.66232010983188,8.04402530255277,8.10629150195989,7.65566208756429,6.53111766081183,6.89027801817271,6.74474120130303
"MAP2K4",7.31711379303658,7.48019645554859,7.49471975861429,7.46300393043733,5.90473360234762,6.37687540687974,6.32027867914722
"SFPQ",5.32200500428024,5.80433313076886,5.92329177951171,5.89935228929179,6.4870183929683,7.13334976964472,7.52072730870638
"SRSF3",7.45828011636025,8.2338665024978,8.31161573439901,7.71781684452916,6.20771822053162,7.07443530713497,7.00517863952313
"SRSF7",7.09856549627229,7.62817003105614,8.21582247899872,8.06682280327481,8.42595579056057,9.36381678344202,9.29105800171445
"TMEM168",6.98736543474373,7.14489201496948,6.89457653561412,6.93556181928905,5.34110974440986,6.08204663853883,6.45088085182354
"ITSN1",5.53266467828393,5.58193821847617,5.58451418210984,5.27477431832876,3.55103515688984,3.57234282633146,4.42576284795318
"SH3GL2",6.19403775231716,6.17408888375469,5.9345201923084,5.76956169869715,4.75121030143409,5.03873840753781,4.75054004063466
"TNS3",8.40908541804703,8.88066090877678,9.17856463150985,8.77222525450169,6.21434582802573,6.56876360149744,6.13902252614202
"CREB3L2",9.22092955425155,9.03381816168856,9.09100767552492,9.03134897933957,7.07859320456689,7.54707135302442,7.70772210309787
"FNDC3B",9.24906350571008,9.2058672316455,8.47307490837704,8.71648168357793,6.50977055922072,6.72882873489071,6.42354342078927
"CRTC3",9.51682272869666,9.49347250259194,9.85321672679428,9.69036448862728,8.06671767139824,8.32859782025785,8.34869900998928
"IFT22",5.40948774509563,5.63744373614122,5.8205603041993,5.50150144074175,6.75296132373431,6.89881038516712,6.87381463403039
"DCLRE1B",7.34840238396805,7.82560439825648,7.68450885159118,7.66260824440713,8.86797969104899,8.93851255204227,8.7522768890534
"SLC1A1",7.99192507465954,8.49437178444309,8.02370769076,8.44937404257274,6.58576288543248,6.68437990672916,7.21987890813105
"REEP1",7.83701449863314,8.0873414208455,7.98363087288156,7.37295399744774,6.5175442555412,6.51123130598868,6.00163730777472
"TMEM135",7.47604303707888,7.68272006351823,6.92666131843554,7.30769446649323,6.48553138258945,6.00310357516335,6.15391046709199
"MARCKSL1",8.67981067043565,9.08897031824872,9.39905010097034,9.14760542565351,10.6922290666509,10.8141659170134,11.0233819033187
"SOWAHC",7.41648615846447,7.59987088892923,7.59631072962163,7.57631853974739,8.96038283873749,8.77810067047027,8.98980706344967
"WNK1",9.4696484050894,9.56845593358189,9.31335548281541,9.11931463728051,7.71193194450808,8.10976388792566,8.30423616114795
"SLC6A8",7.77508309250319,7.47691888589732,8.03981276134081,8.39514230010711,8.65012890685428,8.81504494688944,9.33725986418849
"SLC7A1",9.69229457733872,9.97929350346664,10.2467449138655,10.1706163201292,8.41498257462847,8.88814406093137,8.75577484459456
"BMPR1A",6.36657020299681,6.82156574510093,6.60311351641291,6.1849223904564,3.77318281805867,4.34188926741294,4.35181172136901
"C11orf95",6.80160831924274,7.22380936252196,7.0983458629411,6.95034375361261,7.90503299401658,8.1143009531778,8.45266296827623
"TRAK2",7.50707029141806,7.50707029141806,8.46624825317614,8.07326662398742,6.22153023637582,7.3627315926292,6.96761318852585
"SNRPD1",9.47460768828891,9.86065444083208,9.894054455652,9.70981174007981,8.3316594830347,8.71439561715405,9.0345288774626
"SON",9.20043340322683,9.69911779955903,9.5951532990999,9.45462241998186,7.95375035889975,8.73688802295489,8.56290769010565
"SOS2",5.67966637522265,5.83767176218635,5.65260742770241,5.46911608077238,4.45035197984805,4.67444031247687,4.50245756586374
"SOX9",7.69414444384234,6.84591260612916,6.98712149496535,6.64073586744108,8.26296646081182,8.56854448631056,8.203729947535
"DST",8.67795461639799,9.15217884361678,9.191461648313,8.56684804159876,7.55487441370023,8.22646863343581,7.88674328963904
"SRPK2",6.85869539800169,7.30319923204192,7.24643594777742,7.20098376353733,4.5020875102838,5.36697856226402,5.57952021970638
"ITPRID2",9.36712271443358,9.71629332661263,9.25769283445847,9.08811583323786,7.90203955376864,8.31759891316862,8.75369977783148
"SS18",7.74402700005297,7.60690384880512,7.00491953903401,7.16798343053232,6.01841532776956,6.73350087883432,6.16949968936161
"STAU1",10.3032518919511,10.6179090530754,10.63418360846,10.782410590055,9.33903883095801,9.78342198108773,9.51428014856713
"NEK4",6.46577267111616,7.03301664105957,6.63768433674068,6.9068230805085,5.09735924526869,5.63629257721202,6.01422384741125
"STK3",6.52128444117556,7.00034566654878,7.151222264322,7.03804918903301,5.49721038149706,5.70221361761215,5.58768847959998
"AURKA",10.0902373048005,10.3274420386055,10.5256511040461,10.3725322283374,8.35450789466512,8.58747087240658,8.75606739328049
"SVIL",8.14029270085021,8.05713736858443,7.47906679705199,7.38944452144955,6.09106006907243,6.13703629538267,5.83593292285883
"TAF2",7.27793230563063,8.00094923414779,7.90801426948454,7.69292365717122,6.05688033789734,6.92083474792045,6.72633806492827
"TAF7",8.98955619968006,9.35513070436799,8.92962010983759,8.75092540713963,10.2854992606878,10.1550459772534,10.4272959065628
"TBCC",8.02336666050165,8.00691433927812,7.64082717760312,7.71875059613968,9.55099076526062,9.17170486539148,9.45096879321196
"TBL1X",8.40402268863589,8.83042241085868,8.6918363470027,9.04791084326878,6.41739291920636,6.82756305304294,6.84976393836909
"TCF7L2",8.59760593235228,8.98757134552247,8.89338020595696,8.67168607830267,6.27242438352469,6.60006398015251,6.80617921860195
"ZEB1",6.57391659401859,7.1114301574733,6.93926120197176,6.91463860336518,4.53125186013891,4.95943902603076,4.74128969083559
"TCF12",9.01193026223462,9.63818954384933,9.33342032442158,9.06340601821034,6.887043164859,6.86706359691376,7.01447943868173
"BUB1",8.19219452482231,8.25897683491037,8.07858402890479,8.28233614705155,6.58672608433953,6.76728702128522,6.97015885062385
"BUB1B",9.67786278349299,10.0312503444125,9.98772294355966,9.71234533427329,7.23886462961509,7.81935659819368,7.74521763834121
"TFAM",7.13351092070346,7.75236679683352,7.73338189962271,7.83216043419639,8.6747836402768,8.72991246757237,9.08893761877849
"THBD",6.02769759057942,5.70610206455818,5.65459534625179,5.70975884721798,7.20640989416169,6.9273389150288,7.55421663025399
"TIA1",5.59880827926882,6.16336863830443,5.67212536505737,5.5480372167107,4.40852731455683,4.76150889485048,5.02292776474464
"TJP1",9.41287892346596,9.74347880763656,10.0161208890866,9.57496121843799,7.33210749784624,8.53773437106152,8.17951405419938
"TMPO",7.84267173600164,7.90012234847695,7.86345274621361,7.36334479311493,5.84259730340383,6.68465877910764,5.34572299916011
"TNFAIP3",7.22692785955276,6.98018376408456,6.16744960610058,6.47716551381586,7.54707135302442,8.21556048694007,7.77861750379701
"TNFAIP6",6.77463473613256,6.72390449147521,6.32617987306492,6.02626890934941,8.72557137544332,8.65040751460697,8.38380333411811
"TOP2A",9.79467025001216,9.77524824132561,9.90450135874337,9.50929988495123,8.06224303229122,8.99500750421383,8.67282657184955
"TPBG",9.45097356342197,9.48866089931986,9.14004679306949,9.25446734017245,10.8813615782392,10.6196351730052,10.9295014533165
"TRIO",8.61407877247341,8.61886709378652,9.01109089805098,8.34946164975025,6.37972782787744,6.78516891341489,6.05522598196417
"PHLDA2",9.7849527245874,10.3008063560694,9.48354532150172,9.69215728085072,10.8368197708458,11.1761124108697,11.146398965219
"TUBB2A",7.91057789817159,8.22109389416247,8.45329289921603,8.50499515289425,10.062886956434,10.1284832468545,10.512473893001
"HIRA",6.9765588250284,7.86869407964828,6.739820459752,6.58576288543248,6.36043889974842,5.54558014401289,5.98534201353653
"TXNRD1",11.2378802997889,11.6325642782163,11.6889374026606,11.6902403221302,9.70275264228771,10.5754088615702,9.99926694433013
"UBE2B",7.24080784700228,7.31768134830842,7.07612335024767,6.93753359113573,5.81221036393728,5.86638905036087,6.05085568228361
"UBE2G1",8.92502695177221,9.10064751413177,8.53686841021131,8.37028845793198,7.17720050342583,7.70414862058335,7.57006552978129
"UBE2H",8.90131622921279,8.65848857778987,8.39617009611746,8.55215376081391,7.48036287044024,8.04841720742541,7.28124851042191
"UBE3A",6.85814207959205,7.53216729703798,7.30111792904979,7.15861658154114,5.69640144721273,6.10765903676648,6.43326254957472
"UVRAG",7.21772996433321,7.06112064937894,6.9005444512789,7.27713528094331,5.30421400330623,5.70942091366813,5.54788963362551
"EZR",10.0988428239177,9.76649590162789,9.17866523835593,9.20805567518369,8.54216377448495,9.21337109569335,7.74604310080518
"VRK1",6.64658852974993,7.13898420703054,6.8564744368377,6.87581589060782,4.82205883441295,5.45085291605165,5.36577080978103
"WIPF1",7.05267247848284,7.78431749273658,7.46262223441975,7.3580175877623,5.51514389340851,5.75651510488785,5.72460942068406
"XPO1",10.1974330494881,10.5610397011175,10.546503219122,10.2899598243371,8.73125725938358,9.10391907270234,9.13244646442044
"LDLRAD4",4.54574421282881,4.85787504948358,4.44817296750253,4.44071776457511,3.58636372558602,3.37429990500115,3.55918904439981
"ZNF12",6.71041484821715,7.04953856630382,7.18842964188119,6.87471989937504,7.82305829482273,8.03487057322041,8.29730339845847
"ZNF23",5.07841821921967,5.00070343780485,4.69976629126512,4.8723654359211,6.09796319411049,5.76562925931409,6.74180206451506
"ZNF24",7.91388144455436,7.81183951847884,7.89801959255041,8.04914189135174,8.97649959229434,9.2625143037699,9.70321055944282
"ZKSCAN1",6.38837489884511,6.50459291796022,6.21786402757414,6.43255642617309,7.2125641784876,7.35249330974363,7.73411105749417
"ZNF222",5.70875690260018,5.89104845613869,5.7548865926611,5.9135161764245,7.07858622856915,6.9247988826782,6.93574625290719
"RNF113A",8.21480399480822,8.46655808869408,8.25128724910002,8.34721188936801,9.59737615235973,9.43974124533001,9.49927722946211
"ZMYM2",6.94452955541551,7.38049357338617,7.51395228386208,7.08421694376432,4.89277668978156,5.75236524877856,6.31323406434213
"SLC30A1",9.00069695199872,9.33510675285313,9.44910667890495,9.54553282107448,10.3772105183997,10.5452700687321,10.6446235308287
"PTP4A1",10.7840576176895,11.252349526752,10.9044127743904,11.3268748534123,9.20691160254378,9.57706743736659,9.81535380925462
"USP7",7.77090142539253,8.06372903732619,8.25991672798656,8.20238721655443,6.62749501627159,6.92368328352101,7.39349527801197
"PCYOX1L",6.39822244390679,6.98674486868414,6.66091645778867,6.62683284519684,7.92910734161146,7.44762702532583,7.90165347595474
"AUNIP",7.23376654941797,7.70655374669873,8.01013477206305,7.63545435555014,8.42737900407049,8.65285411690615,8.93370282378378
"MIS12",7.36244056663469,8.12431373976172,7.50795373031293,7.51995491013712,8.57281417079695,8.65270858394231,8.93275432805611
"NUP37",8.78493190423934,9.31830688764331,9.01730290470413,8.77903674945616,7.66446125472069,7.9709855392166,8.04319177093459
"ELOVL6",6.97852344763715,7.45919665067772,7.62501539081634,7.38878182346676,5.80904158796033,6.20258225436981,6.3836752478377
"ZNF426",5.49998888965462,5.69747926862234,5.50678046321038,5.41356025293223,6.70866727911632,6.36078460378541,6.80744964718028
"DEK",9.39809028869814,10.2694331999913,9.97059085344575,9.7812933742085,8.52826862551339,8.9456390270698,8.63275557778632
"CHCHD7",6.75347886202727,7.16746516017767,6.91271326984429,6.80490588848648,8.37406848821412,8.24637680118561,8.5271430857104
"HAUS3",6.28682971805272,6.65160288653864,6.69316870437596,6.38538464373578,7.55487441370023,7.83435997053209,8.33581175039116
"GCC1",7.89017594906484,7.8321353436606,7.80369010965193,7.50109622587924,8.82834529379532,8.68551040662294,9.03865793012045
"CDC73",7.57706245376431,8.20870039679654,7.84780313560757,7.50996888085488,5.81701320257629,6.19091539944479,6.14417711409645
"PLEKHF2",5.85460045791784,6.21029876520008,6.47479282248157,5.97469546213759,7.11080158261623,7.07782640634241,7.41345930484385
"YRDC",7.59225849593201,7.81365341336819,7.51174665318131,7.46265611205698,8.55449785414418,8.67767688950019,9.07134391344835
"TBL1XR1",6.57434624064919,6.86290144542972,5.96637277748563,6.16855570831555,4.55765149563284,4.87477466034855,4.99177126979054
"ZC3H14",7.38304844578002,7.84410521060892,7.90424769682009,7.51561870215249,5.85294291299137,6.83245803723177,6.82414445991213
"LPCAT1",10.2009967501802,10.1699228397956,10.4151119467699,10.489640309966,9.23514758653834,9.06666207987853,9.5347555227559
"NUP85",9.63156161772307,9.64059118790558,9.65463836600584,9.83603658636608,8.23708053089824,8.60391002177117,8.73645311482625
"NAA15",9.06095466192675,8.7425968866026,9.02504907109365,8.61700880081113,6.89353904454741,8.4136040613379,8.16773859802302
"FBXO11",5.71986131907688,6.38577105423217,5.9117146832032,5.35846311531525,4.40790215279125,4.61031237425526,4.73211614219399
"CHD9",7.91643278884635,8.1883895002712,7.88084163834775,7.93522056916309,5.89156170208495,6.58095612349664,6.53556634592481
"WDR26",9.27549659592644,9.4140194284329,9.34367505927589,9.39619780638835,7.91817431344246,8.50754577661931,8.43764824025576
"GRPEL1",8.12810615265741,8.42669565746459,7.99135421389437,8.11743932495216,9.11904806083848,9.01411758761664,9.4996638336238
"CCDC6",7.60361129955609,7.34424582205218,6.65750195260389,6.63199397773851,5.91100092469381,6.30483900084385,5.71776046028121
"WDCP",6.93382224249054,6.67857747830361,6.49040429108501,6.7453823159438,7.54132954156112,7.67698780169067,8.11269157968421
"TNKS2",7.59093327897863,8.27073505821173,7.53900423969429,7.40939458513567,6.59432072446288,6.64544745452443,6.80617153645519
"SHOC2",8.46183723069743,8.52457757189888,8.52429016567028,8.64191154718353,6.64598297291749,7.11759996885683,7.75799521208278
"PDHX",8.81050835766966,9.18122511224553,9.09063546350436,8.97689758136216,7.59614769447858,8.02738054662498,7.92702880185407
"FOSL1",6.89170608501852,6.44071292406596,6.97016437012675,6.93893898426422,7.9064861705835,8.19058368777932,8.29409460355076
"CUL5",6.8279475266132,7.14784368234483,7.11171032773027,7.16888217748942,5.45252493990295,6.25665908303398,6.10421983688004
"TSEN2",6.85256080836861,7.17087004540115,6.92796738138979,7.35587261928601,5.83571300673584,5.79728131013525,6.30240881755803
"TMEM177",6.41611751808834,6.66465695542945,6.6589755632386,6.83524934504333,8.01073934196521,7.65572642921112,8.14906478167117
"FXR1",7.20925910490156,7.50514293450072,7.54985045042945,7.62252998137456,5.5624550474027,6.24005123808893,6.54678969044513
"SLC25A32",7.75103194981391,8.03806035288834,8.14263841829432,8.17749299407994,6.34318796329987,7.10432962187082,7.11977192301267
"PABPN1",6.82506929215535,6.83869744771309,7.14932689432426,7.04482860990325,8.25568098844467,7.96166560173562,8.87206617428961
"SYNC",6.540296857709,6.2551212276066,6.20785955444671,5.8344078906096,4.66244032016756,5.26804316055126,5.39561417470733
"SLC38A1",10.9403261330771,10.6183803248869,11.0041621752931,10.7115436959472,9.29774393494716,9.9585636909269,9.91317546665444
"CSRNP2",6.51949506090384,6.64833986329423,6.66932148444243,6.66450978483618,7.44795535743412,7.88733906108329,8.13854773954308
"KIF18A",7.29443762431862,7.46132236069186,7.06262606598797,7.17961590582182,5.93147105365391,6.07584523415036,6.22633175088901
"USP9X",7.87129847890689,8.32353781063278,7.75281082394768,7.74314765733001,6.18453450127182,6.63275063630951,6.51950185984864
"TRRAP",7.87685383732511,7.80695049693853,7.64789306802828,7.90215185165607,6.74212508098177,6.76289089794914,6.36354134646892
"PICALM",9.17417580715106,8.92916020389156,8.06927551169944,7.65510697315262,7.21732191331067,7.89281431582374,6.96543904043926
"FZD1",6.97433091004311,6.52899882696722,6.40786089687463,6.53364602044319,7.92443039817852,7.9812496462832,8.01071765819315
"FZD7",5.0570720365109,5.32542334538002,5.05300232644232,5.26729499110917,7.16868527709281,6.86398757389033,7.30995514325305
"HIST2H2BE",7.14163712270898,6.71379854535238,6.20120919028164,6.4514558708279,8.8761913616395,8.1967001489331,8.68836841106283
"HIST1H3B",4.8824716467223,4.68160808519305,4.79025112732413,4.75805120520688,6.19848734814235,6.45732858704297,6.33111006855817
"C11orf68",8.65197211941695,8.54424617196809,8.69947851467296,8.56726184886917,9.85646550618961,9.91208281191841,9.91510267262799
"MAD1L1",7.30870185190921,7.11293193573725,7.04200816714146,7.3767276010585,5.23468848393652,5.82414907056553,5.41894355051481
"ANKRD27",6.66569777297635,7.01579632809807,7.4640020598742,7.11990185395726,5.5303427124416,6.34495412395674,6.28044291922582
"STK24",10.3758400958036,10.6123604558228,10.3165932026069,10.282677739227,8.72069332505732,9.24244330078828,9.19854597799056
"DHX16",8.63197731179876,8.58854539049492,8.74520415019757,8.95003320440314,7.33329659042323,7.78012295208071,7.77508989065972
"CUL3",9.36067879660297,9.54629105525548,9.72324033987967,9.65805495987862,7.8193212662082,8.56984024301866,8.61504865621896
"CUL1",8.36200585046748,8.30868402310396,8.47080647155877,8.54841488624783,6.67027430351684,7.36722588083004,7.03736082840298
"TPST1",7.83057573925368,8.52164538416896,8.07334629707108,8.07334629707108,7.08226623287221,6.95313316591011,6.86808424124681
"KLF11",6.39012999488726,6.65098322428799,6.61205591627324,6.39374229850639,7.57961513614544,7.46705376063057,7.70919265470516
"UNC119B",7.91116296203912,7.97807874695462,8.15000637803764,8.05948502634178,8.89600302453696,9.0760567310663,9.49997697343714
"ADO",6.90838365923026,7.5922816910555,7.17056652336414,7.29062908439795,9.08159382847161,8.98273308005435,9.10886531560513
"MAP4K3",4.18604536715811,4.94319251975974,4.61354388324695,4.46531934035595,3.07742205763009,3.66335605226945,3.73771843086929
"MFSD5",8.21266780416901,8.30954611287276,8.08363926688693,8.05921609120307,9.60540615639396,9.2897219177434,9.78361704972177
"PPFIA1",8.48148838146654,9.00278378749253,8.55135681988989,8.39200879144545,6.735400651722,7.10277886341961,7.38101672769379
"PKP4",7.32286618331786,7.55404807083039,7.69682897142287,7.8887801899475,5.68361867439164,6.50474126699365,6.3300903195696
"PEX3",8.23259233875131,8.26276083311243,7.90099954728177,7.9663287046887,6.73351438830908,7.3760878059898,6.95289254724459
"ENC1",7.577762057782,7.62674134942082,7.77128327797483,7.31872213709441,9.05628584090327,8.99482559864423,8.94055061256956
"DGKD",10.0318886326015,9.83714594302044,10.1315838140094,10.2868676872904,8.95320746521709,9.19449674852264,8.98964385489308
"AGPS",9.61389481597407,9.65088775352086,8.8193769772462,8.82877031175955,8.11194106809184,8.46148740358389,7.81352250068843
"LGR5",6.35937744392653,6.10927861052429,7.07721326602954,6.33286857643242,4.71000378038974,5.18351054477639,5.19515491604591
"SLC25A12",8.059735540312,7.8678616227599,7.91522677738901,8.36258871092004,6.49668883602334,6.7955004376271,6.68775657106017
"STC2",7.28096686286224,7.27993103555292,7.56689590901111,7.71184935214661,9.15838723556342,9.32726074093192,9.2713093790521
"PDE8B",8.61147971077666,8.40785953907577,8.61459477665755,8.84690539758783,6.73362517636196,7.09586629225128,6.96679892751499
"CBFB",9.5830080302868,9.96261935767933,9.90672237414216,9.98264309722819,8.43159492467098,8.7453408212825,8.69361508282704
"CBLB",6.81915237318592,6.79690048140185,6.62954372421815,6.81279391927145,5.10007729984214,5.39783472563834,5.38240904762128
"PEA15",8.69194669097279,8.56564400003629,9.15190827628511,8.66672769927484,9.76370097186628,9.84471460507438,10.053347412881
"RNGTT",7.28587842817689,7.25336843502798,6.86871624382296,7.04024057884051,6.10433751545782,5.97068290139837,5.67572030037032
"MTMR1",7.60029578570408,7.46109277878494,7.11387119744939,6.84254969095956,5.95402570198293,6.62346942290462,5.20178430559706
"MPDZ",7.91925537749678,8.51571521480641,8.00586808232812,7.84460244861663,6.62715562284773,6.97648825226616,6.5084261763914
"NRP1",6.47207412044435,5.88710260562463,5.71492474445453,5.53076498780381,4.5689557959647,4.27942129889492,4.37586851819974
"GMPS",9.22904555714132,9.6534104436132,9.36679509843297,9.55361741060036,7.99575274470108,8.24271167083219,8.29581144118089
"CDK5R1",3.40175436010899,3.34752656301918,3.33386479536654,3.57222758763579,4.29700371243437,4.45065549368716,5.0855261327994
"ASAP2",7.65292520883211,7.78367769717339,7.15291674948101,7.02154189470757,6.08454777382923,5.77752662597086,5.98201484461854
"SYNJ2",8.14637257825643,8.08878930438484,7.97101836518754,7.76304504896182,6.12449733115692,6.39751594453804,6.82637902766081
"KRIT1",5.99462332722189,6.04915956952388,6.21604333794827,5.84054262768143,4.1613857161756,4.78412438335204,4.70520596997574
"BCL10",7.03074731888314,7.56508318363226,7.44570532153935,7.07514983739502,8.27316984744985,8.22693331267071,8.44414704512951
"HERC2",7.91331703195707,7.57198067283619,7.61798708666252,7.61307255504422,6.54589454891411,6.67719684552319,6.68368453429414
"HERC1",7.09646746125509,7.58548294848798,7.22238512242353,7.25253517634121,5.81465726620813,5.96476882752107,5.96867493713631
"MBD2",9.72653964051039,9.86229837369418,9.76394379642381,9.66498524906576,8.04024220693735,8.62511416853395,8.63002172975435
"NAV2",8.42258173053252,8.47243021966046,7.84307333204532,8.2192795264083,5.75834817045322,6.10587384243814,6.81689027876604
"NAT1",7.06338804170763,6.95942207580136,7.10408711364671,6.71554696577456,8.61496122273616,8.45491733823961,8.51414906245462
"ACVR1",7.7699421976103,7.40468732700295,7.23503912821199,6.98946014147714,6.1442696920957,5.9267984651355,6.26934199461243
"ZNF468",4.86084245531951,5.36617120141783,4.9751684340591,4.97322054590522,6.31665351357583,5.96110846254682,6.53556634592481
"SPAG9",7.85501127486451,8.45988668262622,8.17805219516171,7.82675882448736,6.65367346311914,7.32043664342988,6.86338085322812
"BTAF1",6.81246729876051,7.23452391650003,7.1175974246833,7.20619179589051,5.41741868282652,6.22786276308328,6.39045020185899
"MAP7",9.03533445371047,9.38247464942082,8.25922316663421,8.22466359750307,6.93892980362738,6.68602643131055,6.47535212564985
"SMC3",9.30624417513974,8.71627153340296,9.14666340747618,9.51850736798518,7.27852764726915,8.68589156844203,8.40909025929839
"ATG12",5.69063584945118,5.92029254201449,5.72591993156667,5.87126011916577,6.71300317415926,6.77220390287012,7.18964873545519
"SCAF11",8.18484033801472,8.26486399723545,8.60459978935004,8.04658572516315,6.86430048540661,7.42825309309556,7.47669928518375
"SLC16A7",6.55228506924093,7.1791949389698,7.37319886181087,6.96577069885166,5.93091888065087,6.01310946875135,5.88688149820803
"ZMYM4",7.54280320447078,7.829042800719,7.83295830197062,7.65559006720036,6.06033751580832,6.56699077330197,6.44106867665579
"LRRFIP2",7.81663339265723,7.94607837307291,7.90117765692898,7.87412735341527,6.40714363157834,6.65585038263349,6.7065609589164
"MTDH",8.20304189543256,8.60766960891679,8.20810230256692,8.18958492048147,6.28598075707543,6.79129561592288,6.79401101550704
"LHX2",7.80601568492772,7.66177766721925,7.23972026671494,7.49472974305336,8.71437334765461,8.39824924533946,9.03186689854788
"TJP2",7.76663866725586,7.92535786030968,7.67412445431767,7.27852975402432,6.06929128671133,6.94060408620974,6.37364842699473
"CDYL",8.39142076601887,8.64342456733574,8.57226661225333,8.58655058222871,6.99303324492479,7.55696559046564,7.34943669654898
"MED27",9.14475313309833,9.29513730262304,9.52337629546577,9.50276003525481,7.82612030458712,8.32463397250504,8.16934562567066
"QKI",8.68830162146602,9.7521406992148,9.83038746252423,9.22378125871819,6.81100755890589,7.89515287447231,7.76798436665952
"SH3BP5",9.13470746824919,8.85573043608452,8.79848389278022,8.52361909995208,7.29101851384854,7.47499280050631,8.16358535451826
"ROCK2",8.8297110203344,8.9259225795016,9.05408362828458,9.00576909623823,6.17552479110617,7.32603490862729,7.40428403160245
"PIGL",7.03131485729758,7.36993341222817,7.21916450164665,7.04529586456476,8.19578382711966,8.1472008656809,8.20424266228282
"GDF15",7.11539455856582,6.29479392493895,5.9243341994329,6.23719491548502,8.81958651235198,7.86457051379282,8.30187336536189
"BAG5",5.99784824039958,5.93091888065087,5.93732885211889,5.68878966471477,6.82321806451711,7.28772326361464,7.8860105078596
"GTF2IRD1",9.48897643620994,9.27006026297042,9.47720416736847,9.60191495938323,7.8488824220384,7.92788525137272,7.76371833029568
"RBM39",8.81152615289152,9.50097865841772,9.14144595816308,9.27940503520258,7.77685775459053,8.15127456966752,8.54018922218743
"MAD2L1BP",8.18004872337184,8.10125748061839,7.94184443863396,8.39823095417719,9.41091298021152,9.49778590120628,9.505158342452
"WTAP",8.87372086739082,8.95388667632682,8.89497384919802,8.71799973764409,7.60526229836656,7.56303313001154,7.98323774064221
"NCOR1",8.11118220411282,8.17062085272218,8.27776472132786,7.96154106995994,6.30124611449831,6.50603827269142,6.70137382886767
"ARHGEF10",8.52921018220376,8.42606134326647,8.54287554164553,8.65683600643152,7.40256882376084,7.60578583635932,7.46329473932082
"HS2ST1",5.85716876087707,5.60744554736709,5.96093498256916,5.78441631820138,4.22186835999952,4.77692143055287,4.79493572673654
"RAPGEF2",7.57868053794387,8.24617705581873,7.81841117982103,7.93180165907676,6.02175281241579,6.76381117630232,6.67215313701345
"EMC2",7.38056682924478,7.78882245798146,7.65676420283759,7.41599145300976,5.94138610406634,6.39900086422747,6.70632212317628
"PUM1",9.38535200607173,9.81243187189869,9.62777261367885,9.29214066496389,8.03084038195074,8.52538328555387,8.91890485814912
"CEP57",5.81721038776907,6.79332778257758,6.38548412885894,6.00058044124138,5.19790081594155,4.98935498030797,5.37182620953594
"AQR",8.88782361632468,8.82716597669967,8.83060260470209,8.67376866068132,7.30849823308666,8.05968091177197,7.80575355324041
"USP34",8.42926499870513,8.85960600323544,8.73823417731838,8.86324435975804,7.39147694261797,7.42105556052048,7.43418941091611
"TOX",5.17422356769569,5.09044851235929,5.25097152496917,5.69786081214972,4.12113426748796,4.04500057586901,3.93040545952334
"ZFYVE16",6.87888652639388,7.4536366824162,7.14989721376837,6.918406189595,5.37229339311053,5.77752662597086,5.74998439411709
"JADE3",5.87701604454375,6.57526866064191,6.62140009381679,6.12080100578733,4.71976666487838,4.77856472627225,5.20655655433947
"DLGAP5",8.29958194140513,8.75186684292543,8.42438257799849,8.62987066356466,7.23041234589733,7.85543988384772,7.42208561181449
"SERTAD2",6.8846690382929,7.27154374495535,7.33654313105026,7.26726893356363,7.99170558478311,8.46244367762828,8.44278953173663
"CKAP5",9.23787933281829,9.07746086654098,9.34955822231507,9.29943034513322,7.9039631360556,8.04752666573069,8.13042244808413
"SPATA2",6.92227325075969,6.52240385524845,6.65489843124812,6.60552089734396,7.46866777317916,7.54512445743726,8.22296093179828
"MELK",10.3898099992107,10.6849502618686,10.719115201987,10.5250287021601,8.69385168398802,9.37120640153388,8.89774047218572
"GINS1",7.70008046326028,8.1383750002247,7.77697929457462,8.00282870652469,6.44863149089201,6.55546337038331,6.73189658797384
"CEP350",7.18598772512875,7.26408932327793,7.41459211788921,6.8683566680267,5.11118337129323,5.84924772744334,6.29857055768827
"PJA2",8.16475141342162,8.29012453329983,7.80006151103459,7.38416612691684,5.98247412438739,6.8385841531566,6.59314903961665
"SEC24D",5.78969020502451,6.80573650895479,6.0886828009934,5.48555392331625,3.95940743204959,4.45276207269171,4.59091822558158
"TLK1",7.43730474974448,7.94684322943217,7.64649857895002,7.64387474250336,5.30483758525976,5.41112708923446,6.0062749149434
"TBC1D4",6.91707588908979,7.43779428444298,7.76294735174455,7.24150731555819,5.43862977845676,6.28131570683559,6.3583829422277
"LPGAT1",8.35526226533683,8.70210411995659,8.51991559996855,8.09166999946728,6.36338188503749,7.15005499415871,7.08819967818097
"KIF14",8.01629932383187,8.0921268917397,8.23023753737042,7.79642427881177,6.07977850808365,6.47606481208672,6.70465711619693
"MAFB",6.69250931624217,6.57152099901007,6.21100645413888,5.94389767474656,7.91574071371331,7.89209651521023,7.45711570489472
"HNRNPDL",10.1337025734196,10.4525306162052,10.3051107325575,10.380140684163,8.47861393385761,8.83074008685484,8.67958591515941
"SCO2",8.59431256573628,8.740046285807,8.49919698969784,8.9048654474418,9.684826377668,9.5898548116924,10.0801702085212
